,label,numeric,text,with_missing
0,'b',-10.856306033005612,'',4.4332401305797493
1,'b',9.9734544658358573,'foo',4.3102289348079346
2,'a',2.8297849805199204,'foo bar',2.4698284908272297
3,'b',-15.06294713918092,'',2.8529812638559573
4,'a',-5.7860025196853639,'foo bar',1.8264749047916526
5,'b',16.514365370971511,'',2.764314712465533
6,'b',-24.266792433930743,'foo bar',3.0243171448645918
7,'b',-4.2891262885617722,'foo',2.5960400650705688
8,'a',12.659362587055341,'',2.4964154315504938
9,'a',-8.6674040226510165,'bar',4.0320801777524604
10,'b',-6.7888615162205435,'foo bar',3.9074829450907496
11,'a',-0.94708968936891125,'bar',3.3991220478520447
12,'a',14.913896261242879,'',1.7224893964370476
13,'a',-6.3890199668465097,'bar foo',3.2009308995002339
14,'b',-4.439819596460655,'',nan
15,'b',-4.3435127561851736,'bar foo',4.315727460797091
16,'a',22.059300827254557,'foo',1.1977092533266396
17,'a',21.867860889737866,'foo',2.4411763087003533
18,'a',10.040538978788771,'bar',2.4133496917464332
19,'a',3.8618639917485598,'foo bar',2.5334259680400972
20,'a',7.3736857589624218,'bar',3.9575787484971388
21,'a',14.907320281507989,'bar',0.6476415888231486
22,'b',-9.3583386840239129,'',nan
23,'a',11.758290447821034,'bar foo',nan
24,'b',-12.538806677490124,'',3.98011750600836
25,'a',-6.3775150245341026,'bar',2.4509221394599341
26,'b',9.0710519580030127,'foo',2.3202218506579131
27,'b',-14.286807002259689,'',3.3462135734727076
28,'b',-1.400687201886661,'',3.1510366902507201
29,'a',-8.6175489585968545,'foo bar',3.0694031150272569
30,'b',-2.5561937053059691,'bar foo',-0.80137819686099121
31,'b',-27.985891054607244,'foo bar',1.8728277950968661
32,'b',-17.71533104509847,'foo bar',2.1367769371514931
33,'b',-6.9987723459791731,'',3.6430098619590359
34,'a',9.2746243175858254,'foo bar',1.5592402953309283
35,'b',-1.736356827902158,'',1.9533724391395499
36,'a',0.028459158968110194,'bar',2.8456159940675985
37,'a',6.8822271110228499,'foo bar',1.7124048232201476
38,'b',-8.7953634300905197,'foo',nan
39,'a',2.8362732380729101,'foo bar',2.6085963201913933
40,'b',-8.0536651806561572,'',4.8329059322943166
41,'b',-17.276694941206074,'',2.3702812829411117
42,'b',-3.9089979375510095,'',2.4237167968334359
43,'b',5.7380586240505771,'',3.8044382892693092
44,'a',3.3858905099980152,'bar',2.3446630733335203
45,'a',-0.1183049447881976,'bar',4.5115683204421728
46,'a',23.923652659377261,'bar',nan
47,'a',4.1291216030877882,'bar',2.6961200605561872
48,'b',9.7873600593734658,'',2.8392020029229221
49,'a',22.381433384979527,'foo',5.8507077371175891
50,'b',-12.940853231612488,'foo',3.4886543589979513
51,'a',-10.387882102049534,'bar',3.1504770159414299
52,'a',17.437122251229308,'foo bar',2.8674232448166128
53,'b',-7.9806273524106253,'foo',nan
54,'a',0.29683230303330221,'foo bar',1.481673686200732
55,'a',10.693159694243485,'foo bar',2.8188119770331777
56,'a',8.907063912931708,'foo bar',0.16634254398649739
57,'b',17.548861819811094,'foo',nan
58,'a',14.956441370334693,'bar foo',3.847926812910694
59,'b',10.693926697057368,'foo',nan
60,'a',-7.7270871424719143,'bar foo',3.6059702381800389
61,'a',7.9486266779321815,'bar foo',nan
62,'b',3.1427199450686705,'',1.2840985100453688
63,'b',-13.262654599404559,'foo bar',2.3216261886050669
64,'a',14.172990464768525,'foo bar',4.4744050159121231
65,'a',8.0723653457856646,'bar',2.4761399895158696
66,'b',0.45490080631097157,'',2.8640175979068845
67,'b',-2.3309206098441351,'bar foo',2.1944380136423183
68,'b',-11.98301144700787,'bar foo',2.066248514509756
69,'a',1.9952407355863258,'foo bar',2.5297307735202956
70,'b',4.6843911944564427,'foo',2.3389440340728509
71,'b',-8.3115498424327914,'foo bar',3.9575017958168415
72,'a',11.622040490995293,'bar foo',3.215369597889294
73,'b',-10.972030464830343,'foo bar',4.0188838264435169
74,'b',-21.231003500424418,'foo',1.6127624966729059
75,'a',10.397270908927005,'foo bar',4.2254531482040569
76,'b',-4.0336603810210754,'bar foo',3.0214562240449054
77,'a',-1.2602958531301514,'bar',4.8393483841259446
78,'b',-8.3751672282505325,'bar foo',2.9472238616393511
79,'b',-16.059627607174029,'foo bar',1.5065981853370796
80,'a',12.552373747242186,'bar',nan
81,'b',-6.8886898384692152,'bar foo',2.8635117618764676
82,'b',16.609524881479395,'foo',0.84788492033311069
83,'b',8.0730818621072871,'foo',nan
84,'a',-3.1475814671745992,'bar foo',3.2312281258581197
85,'b',-10.859024011268666,'foo',4.0761127433286184
86,'a',-7.3246198672045706,'bar',-0.58749383121445753
87,'b',-12.125231310951696,'',4.1488694751112956
88,'a',20.871133595881854,'bar foo',2.5254032452580333
89,'a',1.6444123022982495,'foo bar',4.9262479079208594
90,'a',11.502055425466322,'bar foo',1.2817189991593407
91,'b',-12.673520490102275,'bar foo',3.5453389019207187
92,'b',1.8103512959700387,'foo',3.4117188307552668
93,'b',11.778619388085783,'foo',nan
94,'b',-3.3501076193301587,'foo bar',2.2261940948913219
95,'a',10.311144589217422,'bar',2.6262549722888968
96,'b',-10.845679120057666,'bar',2.6532797094375575
97,'b',-13.634715446185844,'bar foo',1.7465619935623107
98,'b',3.7940061207813613,'foo',3.9929921700512452
99,'a',-3.7917643457255217,'bar',1.9077996535679027
100,'a',6.4205468927183142,'',4.0231909777800077
101,'b',-19.778879315204488,'foo',1.2110654347490772
102,'a',7.1226463547051821,'bar',2.8228102198081251
103,'a',25.983039272693148,'foo',2.8376934669642027
104,'a',-0.24625981431480626,'bar',2.9842056280564422
105,'b',0.34142128909841574,'foo',3.956295879679308
106,'a',1.7954948463867915,'bar foo',2.7976527800422395
107,'b',-18.61975710791787,'bar',nan
108,'a',4.2614663969030993,'bar',2.8006724151392772
109,'b',-16.054097440159648,'foo',3.9810068555697486
110,'a',-4.2767959812380436,'bar foo',nan
111,'a',12.428695496037371,'bar foo',1.9793315001935377
112,'a',-7.352169561000764,'foo bar',1.0433017475767192
113,'a',5.0124898956740003,'foo bar',5.0272486958864038
114,'b',10.127390539563706,'',1.8402552717175455
115,'a',2.7874085609599981,'foo bar',1.114568344128267
116,'a',-13.709484700946078,'bar',2.1911008613545846
117,'b',-3.3247527535141392,'foo',2.3875447519481456
118,'a',19.59411342388286,'',4.4654560012404021
119,'b',-20.250457629974711,'foo bar',2.5351007744246981
120,'a',-2.7578601386617545,'foo bar',nan
121,'b',-5.5210807148810783,'',1.2092201952747696
122,'a',1.2074736309713869,'foo bar',3.2079834917816727
123,'a',7.4821561718723038,'foo bar',1.3512037552807552
124,'a',16.086909680220533,'foo bar',2.6864049511671393
125,'b',-2.702323920091581,'',2.2401290190170671
126,'a',8.1234132997682043,'bar',3.0582714971664289
127,'b',4.9974014486517291,'',3.6344087061386308
128,'b',4.7434729787180032,'',nan
129,'a',-5.6392393152647244,'foo bar',1.8635815717775759
130,'a',-9.9732146877590075,'bar',3.1935890059445819
131,'b',-11.000431126206971,'foo',nan
132,'b',-7.5643720939912331,'bar foo',4.4173751950947961
133,'b',3.2168657586622662,'foo',2.5281082696473183
134,'a',7.6094939312832954,'foo bar',nan
135,'b',3.2346884785689518,'foo',3.186625719560586
136,'a',-5.4895509619574092,'bar',2.2053562821120432
137,'a',18.059701099324748,'bar',2.075579802433519
138,'a',15.188656236315399,'foo bar',4.4081770743652857
139,'a',-3.5400011275017333,'bar',3.6187168100871236
140,'b',-8.2343140598566595,'foo bar',2.271922135723667
141,'a',1.3021495415796958,'foo bar',2.9812884646583431
142,'a',12.672986450543529,'',2.914323011879091
143,'b',3.3276497725411707,'foo',nan
144,'a',5.5654870491004429,'',2.5940603866420937
145,'a',-2.1208012227562572,'foo bar',nan
146,'a',4.562708952022307,'bar foo',2.0236498249944068
147,'a',15.445444514561384,'bar foo',2.4680034147452075
148,'a',-2.3966878147771076,'foo bar',nan
149,'a',1.4330773250787254,'bar foo',1.91770563781985
150,'b',2.5381647654962736,'foo',3.1862849378940812
151,'b',2.837253557710373,'',2.618728538815922
152,'b',-14.118888760712274,'foo',2.2405248981101731
153,'b',-18.768686558738946,'bar',1.7297238760355738
154,'b',-10.196550709218393,'',nan
155,'b',1.6794229540166816,'',3.4242433858229795
156,'b',5.5385616600321121,'foo',3.8002208817889809
157,'b',-5.3067455977362412,'',3.549288225630268
158,'a',13.772574828673068,'foo bar',3.6241344547945085
159,'b',-1.4317597432618709,'foo',3.382078619660132
160,'a',0.20315998234624588,'bar foo',1.2415903213995412
161,'b',-1.9396387055266242,'foo',nan
162,'a',1.3402679274666514,'bar foo',1.5676175382431017
163,'b',7.0447407404360352,'foo',4.3692120754930324
164,'a',6.656534379123312,'foo bar',2.9859862752935826
165,'a',-8.9842294060959009,'bar',4.2697558454851912
166,'a',15.236637764785275,'foo bar',1.9696777082160142
167,'b',-10.950264574269175,'foo bar',2.9081307841073158
168,'a',0.79227014090612391,'bar',3.2633742497088929
169,'a',-2.7439657352235258,'bar foo',2.6690978543964858
170,'b',-10.489916773184873,'foo bar',3.1877893997499207
171,'a',-0.75120587973831521,'bar',nan
172,'a',-7.4081377329239837,'bar',1.9680865770006979
173,'b',0.72907243276052236,'foo',0.36207751271162136
174,'b',4.0308596121936704,'',4.6006241393333225
175,'b',14.719293689732716,'foo',nan
176,'b',3.073842186274145,'',4.1224996962225866
177,'b',-6.1122534030482489,'foo bar',3.6519133002708246
178,'b',-3.9161981071960157,'foo',2.7833132019672786
179,'a',1.3997810611456363,'foo bar',3.3803447896443553
180,'a',0.93460829462151174,'bar',1.8594657356365076
181,'a',14.595892682284209,'foo',3.0858971543927898
182,'a',13.953529297569547,'bar foo',nan
183,'a',-3.5893592624226129,'bar',2.2256672736634724
184,'b',-5.4864212818619826,'bar foo',2.6197089028883189
185,'b',-25.570546040678583,'bar foo',3.3125935197513225
186,'b',-5.4892041332222004,'',nan
187,'b',-9.7805770608428375,'bar foo',2.9968451601272244
188,'b',-3.5482445809481873,'foo',2.5693401553910307
189,'a',3.9158424235011107,'foo bar',2.8535842254655486
190,'a',1.7719232919898789,'bar foo',4.1601759470053787
191,'b',-0.29968007047542261,'',nan
192,'a',1.9958211108851369,'bar foo',2.6997676028941351
193,'a',-1.2611777323099171,'foo bar',2.3677392217651443
194,'b',1.9701893254347609,'foo',2.7956834652227571
195,'b',-32.310550079193121,'bar foo',3.2136956023377694
196,'a',-2.6929348975075422,'bar',4.0338782015211176
197,'a',-1.10850721053007,'foo bar',0.87542471525610432
198,'a',-3.4126171620658581,'bar foo',3.5554889157620355
199,'a',-2.1794626210294177,'foo bar',2.1084101175998513
200,'a',7.0331011780673016,'foo bar',3.593070005130313
201,'a',-5.9810533134082542,'foo bar',4.2396349893012051
202,'a',22.007020992171281,'foo bar',3.9955950119998254
203,'b',6.882969302220884,'',3.1579587801589275
204,'b',-0.063072509138721713,'',nan
205,'b',-2.0666230319756651,'',2.0566160636093196
206,'a',-0.86522286382135172,'foo bar',2.9321699142019302
207,'b',-9.1530706994397875,'foo',4.519471096680987
208,'a',-0.95202539258009478,'bar',2.2107444702236414
209,'b',2.786835167270544,'',3.1972691650394096
210,'a',5.7954161557322967,'foo bar',nan
211,'b',5.7968977914433362,'',nan
212,'a',-2.7487754656593468,'bar',3.4060711951465112
213,'b',-14.160822525219302,'',2.7304810947865938
214,'a',-6.6910262623344554,'foo bar',2.9965908534618686
215,'a',16.121930428123882,'',2.4954167303875385
216,'b',8.9605831340994779,'foo',1.1749716748290708
217,'a',3.6961958630417406,'foo bar',3.1930941282287519
218,'b',-7.6129424476012382,'foo',3.4394700366512363
219,'a',0.036451549737779712,'bar foo',nan
220,'b',-12.556686856624818,'bar foo',2.8681345368629625
221,'b',-5.5193687569607359,'bar foo',1.6052914685906312
222,'a',-2.4520334168519504,'bar',2.2459918059267574
223,'b',-3.6163993186521299,'',nan
224,'a',9.5660193105601206,'',2.9154704893669248
225,'b',-14.187259140354524,'foo bar',3.2792908841587649
226,'b',-8.6543227151515403,'foo',2.6469198615122855
227,'b',-13.746879710222192,'foo',4.8698089140811707
228,'a',-12.373532126878539,'foo bar',4.7279880112814929
229,'a',1.2405589644664889,'bar foo',2.068404374546712
230,'b',-16.004405330562715,'foo',3.9090309931108518
231,'b',7.5386877883763672,'',3.3040623898147872
232,'a',-2.4681577694107553,'bar',3.0135595252896716
233,'b',0.68788332525977491,'foo',2.1403120106558196
234,'b',3.2257673799720377,'',4.6215306334476489
235,'a',-4.3416652025159106,'bar foo',4.1652583411657256
236,'a',10.324797157533776,'bar',1.5428999473808644
237,'a',-1.9434272672763502,'bar foo',4.3834913082593197
238,'b',5.9407025523907002,'',2.9616217296476153
239,'b',-1.9911238275725225,'bar foo',2.4022094259571607
240,'a',2.9087438742492338,'foo bar',2.0234222354222351
241,'b',2.7966267015796142,'',3.9448203118607359
242,'a',2.4996993945553108,'bar foo',3.3998955214355071
243,'b',-9.7430784962091952,'foo bar',2.1258536797316094
244,'a',4.3587577054743996,'foo bar',2.1889022116690486
245,'a',-3.189569890995958,'bar foo',2.6124768963864011
246,'a',6.3048803048991795,'bar foo',2.4874939543596173
247,'b',-21.524934444123041,'foo bar',3.5277803121526268
248,'b',-14.651162220549509,'',3.3787369930838098
249,'b',3.6344556213502868,'',2.3643500971395248
250,'a',18.629275851052288,'bar foo',nan
251,'a',8.3505874681123657,'bar',1.6660007331502424
252,'b',-6.8245093419998053,'foo',3.8700555088304505
253,'b',-16.92052415377956,'bar foo',2.0051895264590298
254,'a',7.4268622116161831,'foo bar',3.1111351988705951
255,'a',-0.80583222042950808,'bar',1.2368424661979023
256,'a',5.9070421789438532,'bar',3.3970598356630046
257,'b',1.1529872221079105,'foo',4.9195264055710197
258,'b',0.29642925120495234,'foo',1.6719327689979144
259,'a',29.586254458931762,'bar',3.5496972691147226
260,'b',-0.061299610455789806,'',3.272461933114609
261,'a',-1.5924520925326484,'foo bar',nan
262,'a',-1.2144867540402207,'bar foo',2.8687596806643381
263,'a',-5.8353671670765692,'bar',3.2728249420652649
264,'b',9.9013289471531269,'foo',3.1819741281494691
265,'b',-3.5375433378134917,'foo',3.5728428189707593
266,'b',6.3594270564458935,'foo',2.1608872949763542
267,'a',2.8460302981355641,'bar',3.1924487613844934
268,'b',12.189858621324262,'foo',nan
269,'b',4.2017959698836131,'',4.1679905914246111
270,'b',-12.133847809476473,'',3.4957289155236748
271,'b',-13.264877850539406,'foo bar',1.868043466038718
272,'a',14.083691460769014,'foo bar',1.4464218244799301
273,'b',-6.0871080326444185,'',3.4086255608406097
274,'b',-13.206025797896521,'bar',nan
275,'b',-6.6961859986975831,'foo bar',nan
276,'a',12.646252869680072,'foo bar',2.7122156364388803
277,'a',-14.202129989485123,'bar',4.0116159433929806
278,'a',-8.6649520375960947,'foo bar',5.12581662460879
279,'a',-6.6680750879651942,'bar foo',nan
280,'b',-12.511898734731952,'bar foo',2.8839996135310262
281,'b',-11.843273385116637,'',4.0134929492027789
282,'b',-15.181079752636586,'bar foo',4.0639050277896924
283,'a',-4.6118741313672205,'bar foo',4.7016081681127453
284,'a',-3.5490883174008503,'bar',3.1965696193161701
285,'b',-6.8253815420330586,'foo bar',2.3671330416576755
286,'b',-16.53697838967641,'',3.007713657254194
287,'b',12.533359468559954,'foo',nan
288,'b',-13.290788291721604,'foo',3.2398097034287088
289,'a',2.7803371202287099,'bar',2.1317603121330273
290,'b',-10.747665931188752,'',3.902006456318273
291,'a',6.683168667415277,'bar foo',3.6974901545879408
292,'a',9.5583235516716449,'bar foo',3.1390333039176674
293,'b',-8.7761358662765527,'foo',3.025576546755941
294,'b',-19.237157296971258,'bar foo',2.8035570818188744
295,'b',6.957873191396077,'',4.3122552035216337
296,'a',18.75800546713635,'bar foo',4.1874174826896127
297,'b',4.1569453989243401,'foo',3.1457168545777781
298,'a',1.6054442147971804,'bar foo',2.1433501228940046
299,'b',8.1976060961018913,'',1.823151680810388
300,'b',7.650548459970179,'',3.287620713037736
301,'a',-8.2898883376101029,'bar foo',nan
302,'a',-6.5915131069664765,'foo bar',nan
303,'a',6.1112355005591095,'bar',2.6133044626302393
304,'b',-1.4401334748029269,'',3.7737543592386107
305,'a',13.166055958635523,'',3.2074152444788702
306,'b',-7.0434214712875836,'foo',3.9980530619517545
307,'a',7.5060991686848126,'foo bar',0.76609474770570785
308,'b',3.4263798136922778,'foo',2.772949754175134
309,'b',-1.2643756370963435,'foo',5.2167881332668351
310,'b',11.759107718346071,'foo',0.49683898826306239
311,'a',6.800715328674297,'foo bar',nan
312,'b',-10.049671533821041,'foo',nan
313,'a',6.4021868041984717,'bar foo',4.2857010543492358
314,'a',13.749906314941992,'',nan
315,'a',-1.3044468898462371,'bar',4.1903544390528795
316,'a',-2.4865585038497331,'bar',4.2169058041387775
317,'b',-6.6964714764352458,'foo bar',3.1967800927014438
318,'b',-0.13603885675351005,'foo bar',1.8359881216305172
319,'a',6.8620068605290996,'bar',3.9130045340818804
320,'b',-8.1766829957874769,'bar foo',2.0265630047148298
321,'b',-13.4635756073724,'',nan
322,'a',-3.7574991098192632,'bar foo',3.9469082441625267
323,'a',-13.7972497865875,'bar',4.092067706490699
324,'a',5.2321844128263164,'bar',2.6520410267950245
325,'b',-4.2668976999380108,'',3.6269829363737798
326,'b',-17.554018445508067,'',1.457463386114529
327,'b',-3.4860751473850993,'foo bar',2.52761909873059
328,'a',-1.9261498579409047,'foo bar',nan
329,'a',4.4913561335971695,'bar foo',4.3433880478461102
330,'a',-1.4536354315421036,'bar',3.6692138364157874
331,'a',18.687264568398085,'bar foo',2.8581655141914619
332,'a',-5.1870385153899949,'foo bar',3.8472603166461763
333,'b',-0.62398548582306546,'foo',2.9767718079622125
334,'b',-1.0291061426267059,'',3.1682286074933974
335,'a',-2.8262838440702351,'bar',3.0883829084061101
336,'a',1.4242558501294,'bar',nan
337,'b',5.4123129719767267,'foo',3.7259248113193761
338,'a',13.400987035364347,'bar',1.930052739424891
339,'b',-15.692561273944634,'bar',3.7758448541897582
340,'b',-5.1034287380612078,'foo',2.0393975294280811
341,'b',-4.4777142535224321,'foo bar',2.2779242841025145
342,'b',9.37850297361706,'',0.15915264419672459
343,'b',-3.5666306107334389,'foo bar',2.8439165482583029
344,'b',-18.951755930793187,'foo',3.1891889749293587
345,'a',0.87730463866576402,'bar foo',3.8270725080534671
346,'b',-0.33689231540939141,'',4.3108760096986796
347,'a',1.7975156577131524,'bar foo',1.5097865721705677
348,'a',-10.40162880979482,'bar',3.9848274870798956
349,'a',17.190346810845035,'',2.5359657463998433
350,'a',-3.2385978378534626,'bar foo',2.9279399017923682
351,'a',-1.8829685849366686,'bar foo',2.8947316444275781
352,'b',-9.000085698091608,'bar foo',2.5504853291803062
353,'a',-9.3100200387472363,'bar',nan
354,'b',-12.227369597487854,'',nan
355,'b',-3.9331085178115686,'foo bar',3.8111450446561497
356,'a',-9.5758183875663399,'bar',nan
357,'a',20.564673412252215,'',2.9805412436266776
358,'b',-18.884923803868151,'bar foo',2.3709877453132968
359,'b',-11.283305481817937,'foo',4.0959217778185861
360,'b',-4.0141442845701478,'foo',nan
361,'a',6.7349127809832474,'bar',4.5087051144253554
362,'b',-4.1375688138006241,'foo bar',1.4512349985508648
363,'a',6.759633930029775,'foo bar',4.0341966003611613
364,'b',-9.8680388929032183,'',3.1626654104885734
365,'b',0.59291133894706749,'foo',2.2748265502047316
366,'a',17.440410870108337,'bar foo',nan
367,'a',-9.6774439569947788,'foo bar',4.566033272827525
368,'a',4.1956767589539448,'foo bar',4.6046141246729153
369,'b',2.0692751928326008,'foo',nan
370,'b',-22.5153498598787,'bar foo',2.008395314179122
371,'b',-5.8897054647067879,'',nan
372,'a',11.311519053059893,'',3.3424225760799868
373,'b',1.3507767248469871,'',4.2420166226436287
374,'b',-12.122689628960636,'',nan
375,'b',6.9077727291564281,'foo',3.0155717830158784
376,'b',-4.7912294531435267,'',2.3464913070689097
377,'b',3.6005072808083676,'foo',nan
378,'a',3.7692011443763063,'foo bar',2.7845895108461489
379,'b',-11.186956011455729,'foo',3.1859785887555887
380,'a',7.8982803473429861,'bar',2.5304499871161075
381,'a',-10.07508801235176,'bar',3.0472396137324176
382,'b',-13.0578586634164,'foo bar',1.9195869950230058
383,'b',-8.8282898772203708,'bar foo',3.1608891668254477
384,'a',-3.4609003386319444,'bar',nan
385,'b',1.0940315644126239,'foo',nan
386,'b',-7.7258373237244005,'foo bar',nan
387,'a',7.4481931239511576,'bar foo',3.845701242121474
388,'a',2.5146418404359423,'bar',1.8800774861663843
389,'b',-6.9479821510550277,'bar foo',nan
390,'b',8.8899291759485557,'',1.3903049158825334
391,'a',11.610683576464835,'',3.0135700618919765
392,'b',-0.98684696809513461,'',1.2257764506127247
393,'a',-2.1498304496389089,'bar',1.7986226942955474
394,'b',-17.737713532563518,'bar foo',nan
395,'a',-4.0751259239146895,'bar',nan
396,'a',-2.9150671256536507,'bar foo',1.4796328760334803
397,'b',2.4537940725969198,'foo',2.5525598361549173
398,'b',-1.6842643163047275,'foo',nan
399,'a',2.4402693814049461,'bar',3.3924932580106937
400,'a',15.340902893038646,'bar foo',1.3728328027916168
401,'b',-5.2991409863367656,'foo',3.2600096821638411
402,'a',-4.9097228256584682,'bar foo',2.392147369175432
403,'b',-13.091653143025816,'foo',4.1986679049459124
404,'a',-0.08660466741585568,'bar foo',2.7998202273489623
405,'a',9.7681298246961017,'bar',3.3592874704222706
406,'b',-17.510703491923696,'bar',2.8908793925188925
407,'a',-6.6585696701938755,'foo bar',3.6664444603181789
408,'b',0.35940502503918531,'foo',2.2319305789902848
409,'a',8.5010288352443713,'',3.6682532946789745
410,'a',3.8287023902686523,'foo bar',4.2089628200073754
411,'b',3.2546362818213059,'',4.8355606479067834
412,'b',-2.2431278597090092,'foo',nan
413,'a',4.818742570187152,'bar',2.4638781663161922
414,'a',10.143038835334611,'',3.577149723468581
415,'a',-17.089917765492032,'bar',3.8074972376516372
416,'a',7.2853540083513373,'foo bar',3.5900448553493574
417,'a',-0.98759805866713224,'foo bar',3.7534784673878883
418,'a',-5.2998886421451434,'bar',3.4239436135929928
419,'b',-24.43075785879315,'bar foo',2.4547445922320987
420,'b',-13.803513236542992,'foo',nan
421,'a',16.980589922472507,'bar foo',3.8467867012998638
422,'b',-6.8854853246355443,'foo bar',3.461605393230768
423,'b',-10.847687712530821,'foo',1.9036464948233558
424,'b',-4.5642595614359243,'bar foo',2.1223817232500766
425,'b',-7.4514722185859323,'',2.5907583832579801
426,'a',1.243586326189154,'bar foo',2.7951864984556325
427,'a',15.169736782466114,'bar',3.1572732284038567
428,'b',-5.8661595085221379,'',nan
429,'a',1.5429005055187113,'bar',3.794955834106291
430,'b',-11.472371412402353,'',1.1424356757300151
431,'a',15.201664422065321,'foo bar',3.5287016862705647
432,'b',1.8904344241411,'foo',nan
433,'b',-10.818191232906198,'',3.6440986541332649
434,'a',9.0430622013464248,'foo bar',-0.066987632924666585
435,'a',11.999876485826134,'foo bar',1.650724515583859
436,'b',1.6145636340763547,'foo',2.6473039825929785
437,'b',-16.39396967540776,'foo',3.1682820378048602
438,'a',17.851688135164746,'',2.9186085979147065
439,'a',3.1012252062652617,'foo bar',nan
440,'a',11.704542973614533,'foo bar',4.2830439867695729
441,'b',-5.5089320511714233,'foo',nan
442,'a',-3.9862392473390047,'bar',2.6052450811768209
443,'b',1.1045310929056538,'foo',nan
444,'a',11.134016780358799,'bar',3.0682132899172618
445,'a',1.4299002816716133,'bar',4.2587004407680045
446,'b',-12.568338125336815,'bar foo',nan
447,'a',2.6198919678334103,'bar',nan
448,'b',16.295341945107669,'foo',3.0662823946448734
449,'b',0.65806282462831323,'',3.1206158676859226
450,'a',1.2938552377648258,'foo bar',2.7668134253655436
451,'b',-12.625437427838197,'foo',2.027144994731807
452,'b',-14.029890877228395,'',4.5290143091171462
453,'a',-6.376921388132418,'bar',nan
454,'a',-3.2651764661872358,'bar foo',nan
455,'b',1.0406073501027997,'foo',3.4975559419675406
456,'a',1.6595697447417668,'foo bar',2.7687080564965485
457,'a',16.019076510169285,'bar',2.054163319169716
458,'a',0.58687438449909879,'bar foo',2.6700042278256353
459,'a',10.644226884109075,'bar foo',nan
460,'a',-0.3932933464491537,'bar',5.0978406761011907
461,'b',14.48903611625761,'foo',2.9829682905023902
462,'a',-18.70397478747201,'bar',3.7860566080994884
463,'a',-5.9873176667842927,'bar',3.9619686558171994
464,'b',9.8303339625924089,'foo',4.0809151324642841
465,'b',-1.7159600525671557,'',5.5478697836357549
466,'a',9.3152961338796576,'bar',2.9045881034636789
467,'b',3.8506610277727105,'foo',2.8181379358032057
468,'a',9.4587698371303421,'bar',nan
469,'a',6.1306772802884337,'bar',nan
470,'a',6.7364893381375026,'foo bar',3.1788771093167383
471,'a',14.924553871515499,'foo bar',2.7311487326519233
472,'a',9.8647401870093994,'bar',nan
473,'a',9.9380670713640953,'foo bar',nan
474,'a',0.20418758785576607,'bar',3.2694726833603962
475,'b',-5.8185020981687234,'foo',2.0011217500649079
476,'a',-6.5956008827229642,'bar',1.1859674014351314
477,'a',7.5094459718968034,'bar',3.1152395297532638
478,'b',-24.384605640450236,'foo',4.1626299176367487
479,'b',-13.071781883042856,'',3.6618109506348047
480,'a',-9.6325368587878994,'bar',2.9821121594180053
481,'a',-2.4762137869361704,'bar',nan
482,'b',-26.314380368083338,'bar foo',1.3528842970388553
483,'b',12.587213025893325,'foo',2.3103598355425623
484,'b',6.001752363295938,'',4.6780687092918196
485,'a',19.845823984585664,'bar',4.1841187475959565
486,'a',10.62214468922782,'bar',2.2884273289635901
487,'b',10.30379331152028,'foo',4.7543122584142425
488,'a',22.506760310308675,'',2.2821091081864369
489,'b',-5.7095808685742986,'',nan
490,'b',-15.034583992493944,'bar foo',4.5359175681673776
491,'b',-2.3235739649273985,'foo',4.3077400533797583
492,'a',-8.2499205384716046,'bar',2.4114404973968413
493,'a',-2.5684536102444717,'foo bar',2.9509111754160204
494,'b',-10.502189902580902,'foo',2.6583000185082764
495,'a',5.6788006745399695,'bar foo',3.5041385551044657
496,'b',5.1298284959872422,'',nan
497,'a',-0.26922590568272414,'bar foo',3.5321545423629521
498,'a',3.1158150338288007,'bar',2.8860955884110289
499,'a',-1.4205072712918292,'bar',1.653699990756258
500,'b',7.5203366826728129,'',3.7779631319183595
501,'b',0.69640749485355946,'',1.7770528510508914
502,'a',-2.6544562489577324,'bar',2.8128669315043711
503,'a',9.2958446994271089,'foo bar',3.9582356438322628
504,'a',12.608212692267616,'',3.8112254601483229
505,'b',13.374538256412125,'foo',3.8387132753247712
506,'b',-9.9027468931948199,'bar foo',3.6989212351823921
507,'a',-5.3444720804169741,'bar foo',3.1458594613837425
508,'b',-17.014960947476922,'foo',3.302154624421771
509,'b',-2.3856501820360618,'',3.0920702647204346
510,'a',4.1612381447762568,'foo bar',3.4825774322224881
511,'a',-1.3280117451197486,'foo bar',3.5352364410049111
512,'b',19.308508670483022,'foo',3.1333284921953011
513,'a',-4.0584337511135686,'bar',3.5138141224640584
514,'b',-10.88508555488929,'',2.3151789716404858
515,'b',5.685042066678756,'',2.6930433222511145
516,'a',1.4993382849816042,'bar',3.2304985610236727
517,'a',5.4964259580038544,'bar',4.9235129825675399
518,'a',3.0378793078618971,'bar',3.5289908441296283
519,'b',2.4376576053087367,'bar foo',2.8652640532698368
520,'b',-21.222988830425919,'foo',2.7797761381987369
521,'a',-7.2611402751734602,'foo bar',3.7441655087469385
522,'a',-5.9032491795286433,'bar foo',nan
523,'a',-3.4796433793492643,'foo bar',3.6373809855455996
524,'b',-4.4839163846094117,'',nan
525,'b',4.1281876168769109,'',nan
526,'b',6.0088250869201936,'',3.4727850227216748
527,'b',-11.316409267511524,'bar foo',3.4656238140107662
528,'b',6.8680440679467791,'',nan
529,'a',5.85768138667071,'foo bar',2.1629166121680403
530,'a',4.6577006603821651,'foo bar',4.094110100132017
531,'a',-14.178944880296694,'bar',nan
532,'b',4.405823002889993,'',4.9882743333680892
533,'a',0.8259541953627012,'foo bar',4.7524329545580741
534,'a',9.6088007521384391,'',2.3919398082881491
535,'a',17.843567953013032,'foo',nan
536,'a',15.880678855942618,'bar foo',3.6972424445758336
537,'b',1.1264417223992804,'foo',2.1800309663920574
538,'a',-0.018746917257705737,'bar',4.1475075230778673
539,'b',6.3194828400933281,'foo',3.5298618776070971
540,'b',-11.150399534194404,'',nan
541,'b',-14.506831416048005,'foo bar',3.782064244193498
542,'a',-4.7253059202499861,'bar foo',3.13725091856077
543,'a',12.205689137145274,'bar',3.4121116239274638
544,'a',-3.3112829828247179,'bar',4.52404659979881
545,'a',15.02580905809435,'bar foo',2.8700778379378775
546,'b',-27.881128830850024,'foo bar',nan
547,'b',-15.872064267876304,'bar',2.4016113296578516
548,'a',-1.2368873285569917,'foo bar',2.4261950717198895
549,'a',8.8819454134087561,'bar',2.7818524863268479
550,'b',-0.69623098720092591,'foo bar',2.3796185975849227
551,'b',-0.95652744493299546,'',3.5678614983385142
552,'a',-1.2174149525709201,'bar',1.6765637341987356
553,'b',-17.628977344010746,'foo',3.8295471443189064
554,'a',11.580688744398529,'bar',2.2384714127083329
555,'a',-6.8276471983737128,'foo bar',3.3777045638162528
556,'a',10.89532657214453,'bar foo',1.8125667385278565
557,'a',-0.70523417962349777,'bar foo',3.4777323737584167
558,'a',10.681603873290815,'foo bar',4.0840074959436148
559,'b',3.4325798097756617,'',3.0097711729419463
560,'b',-1.0667449055824227,'foo',4.5486822387779737
561,'a',2.2626164706870253,'bar',2.8600926480582922
562,'b',-14.72977609111576,'bar',nan
563,'a',0.060293271710350059,'foo bar',2.0745330269023934
564,'a',17.160403221121314,'bar',3.4384309028244546
565,'a',13.081935639887153,'foo bar',2.4318607072882554
566,'b',-9.8502358269807218,'foo bar',2.2796086864103291
567,'a',5.0568585133792325,'foo bar',4.5801036079209148
568,'a',2.4797988474753856,'bar foo',1.7297791448261621
569,'a',8.1718828011740801,'bar',nan
570,'a',0.9415288552221196,'bar foo',3.7127902640786932
571,'b',-2.335039931301,'foo bar',3.2340709062162278
572,'a',13.306307763606483,'foo bar',nan
573,'a',2.1639656827201001,'foo bar',3.6039092696727826
574,'a',12.55464321946314,'bar',1.6210010415927094
575,'a',9.7438620334449393,'bar foo',2.5567480513543859
576,'a',-3.2448724151890778,'bar',nan
577,'b',-1.6700027435715961,'foo',0.079970679685441581
578,'a',19.298324339990224,'foo',2.8940994351637359
579,'b',1.9148232543991204,'foo',3.6658773971612506
580,'b',-7.5862842336002432,'foo',2.8299155739662276
581,'b',-12.000432779850234,'foo bar',3.1849298134006219
582,'a',9.7413243525775677,'bar foo',5.2617868537858277
583,'b',1.6029372109627311,'',nan
584,'b',-7.9209195052898362,'',3.0593858177118589
585,'b',6.7458483123662489,'foo',5.5870088285630093
586,'b',1.5974869505592115,'bar foo',2.3636289756008679
587,'b',-16.60475070762957,'bar',3.5196771080607743
588,'a',5.8868555471081212,'bar',1.423376097093096
589,'a',13.331907028432335,'foo',3.3983280050242088
590,'a',25.598502306324708,'foo',nan
591,'a',0.34902564062004438,'bar',3.0607932668187394
592,'b',2.3264965821054648,'',nan
593,'a',16.065968052348044,'',3.2800039149923026
594,'a',1.6872226693647914,'foo bar',1.9273727578503301
595,'b',2.7534186307992279,'',2.6166548634060027
596,'a',-6.3061839143057599,'bar',3.0060607139816624
597,'b',-13.943751127131897,'foo',1.57082438896492
598,'a',9.1268793581985523,'bar',3.8025694505032943
599,'a',-12.735702368122439,'bar',4.8828823097500855
600,'a',11.406562429474631,'foo bar',3.3035435345774484
601,'b',-7.8816555888765958,'',2.4722868348798825
602,'b',2.6523395839829886,'',0.69807553888165108
603,'a',-3.7227173135828591,'bar',1.479091743688083
604,'a',11.746002379573405,'foo bar',3.339228864015412
605,'a',3.0084640220658097,'bar',nan
606,'a',19.590953525071416,'bar foo',2.7799156309727682
607,'b',-10.836776793595817,'bar foo',nan
608,'b',4.138630815357569,'',2.1289747558768788
609,'a',0.47341880907132994,'bar',2.4277712524229873
610,'b',2.7994357125692275,'',nan
611,'a',15.959211716104488,'bar foo',2.6894337645199782
612,'a',5.8531803009228582,'bar foo',3.8923867583541329
613,'a',-11.475254086772072,'bar',1.3182180842830415
614,'a',5.3351081833982894,'foo bar',2.4403599471993322
615,'b',-4.1561937615575069,'',nan
616,'b',-4.7335497007079042,'bar',2.1808506567136732
617,'a',10.458573280333688,'bar foo',2.8519559709687474
618,'b',-6.023399830262286,'',4.0212062125094885
619,'b',-3.7973032758013558,'foo',3.4557086335819363
620,'b',0.32407254403870644,'',nan
621,'a',9.4618589674538818,'foo bar',nan
622,'a',5.8158980286118922,'bar',nan
623,'a',-2.3441491191787138,'bar',2.9871298719521202
624,'a',-2.7217646568739324,'foo bar',2.800505172350344
625,'b',-11.601296615335286,'',3.3133720677491043
626,'b',-7.5983508859266315,'',3.1811126366207718
627,'b',-6.5438108582049317,'bar foo',3.8664334817905881
628,'b',-1.4929094174744555,'',3.1165918866698257
629,'a',19.867630371691618,'foo',4.6899307106005974
630,'a',-6.7546943378643176,'foo bar',3.5192261838833758
631,'a',-2.9582906790563861,'bar foo',4.4783103346073299
632,'b',-20.523984049766057,'bar',3.7202500230967406
633,'a',6.0057109431050728,'foo bar',2.3272142638380884
634,'a',-15.774487938270054,'bar',4.2429178970824468
635,'a',-9.0658952216435722,'foo bar',4.1841771283478408
636,'a',10.42335368440993,'bar',nan
637,'b',-21.049284295789622,'bar',nan
638,'a',0.95920412395239962,'bar foo',4.4427591069908052
639,'b',8.0092964666512678,'',4.0543880391754223
640,'a',15.254442364402777,'',1.5395824908811233
641,'b',-9.2009310848961352,'foo bar',3.8587618152385668
642,'a',-6.24024850239865,'bar foo',4.7272349012495702
643,'a',18.044363234026012,'',3.6066984230387682
644,'a',-0.25060144581597743,'bar',nan
645,'b',-7.3626393426967169,'foo bar',2.2161846658557844
646,'b',-7.1748583730722721,'',3.4005043749747297
647,'b',-9.725563235674656,'foo',2.7844650368048502
648,'b',-4.3967220542599277,'',4.2776626762061136
649,'a',10.882204764493446,'bar',3.7312487356497059
650,'a',8.8776606857346376,'bar foo',4.9631776765405728
651,'b',-11.742703028253445,'foo bar',nan
652,'a',2.1458607470423501,'bar',3.5525373473003228
653,'a',-4.0215973507251777,'bar',2.6856656811670567
654,'b',7.8244040410444216,'foo',4.4044617629579559
655,'a',-1.5635972722929936,'bar',3.00549834363895
656,'b',3.7152468179976719,'foo',1.9740999316938201
657,'a',-1.5860520695849933,'bar',3.0481708234976175
658,'b',-21.870859306382226,'',2.9081444216691796
659,'a',0.47002445368644441,'foo bar',nan
660,'b',-12.717469495300868,'bar foo',3.8278384794786713
661,'b',7.4712841167684125,'foo',2.8595717692462541
662,'b',-6.7982789239978789,'bar foo',nan
663,'b',-6.0501265607298951,'foo bar',2.2190913937668748
664,'b',-0.089028250123025787,'foo',nan
665,'a',5.7779395422438062,'bar',3.7743261623876592
666,'b',-1.697438177991287,'foo',2.7531716980205516
667,'a',16.421827720450203,'bar foo',nan
668,'a',16.488178614858079,'foo bar',5.1843137024425365
669,'a',17.154685921699905,'bar',3.3161949255681935
670,'b',-2.343187245587675,'',3.733306527885516
671,'a',-14.819584561028547,'bar',3.7462379320539454
672,'a',12.200785142382792,'bar',nan
673,'b',-4.1634528529977599,'',3.5276246273505989
674,'a',0.38166312002007752,'bar',2.0269881984847662
675,'a',6.2832010285517006,'bar',4.4482085518948633
676,'b',-16.044364005126521,'bar foo',4.2469497611775786
677,'a',16.291212053324976,'',3.1902145688716805
678,'b',8.7496232910330747,'foo',nan
679,'a',3.5227158207147284,'bar',1.7603769295534344
680,'a',8.909167504786911,'bar',4.0293109716896147
681,'a',5.5695253932734747,'bar foo',2.744963197463627
682,'a',1.1682811556907777,'bar',nan
683,'b',-3.0777432214456031,'bar foo',1.5593260059675464
684,'b',-7.3914227435578237,'bar foo',3.631454616362439
685,'a',2.8721428090336771,'bar',2.8247489453648611
686,'a',3.6120305977167484,'bar',3.0119078718846883
687,'a',10.831988026881991,'bar',1.5821882339807276
688,'b',2.006600087191968,'',3.6790642968533058
689,'b',-8.532015157805608,'foo bar',nan
690,'b',-15.76232847396656,'foo bar',2.9529887455133008
691,'a',-1.2756216200993094,'bar foo',3.804181001410762
692,'b',-0.27458376689570885,'',2.9143311460477617
693,'b',-0.98091582793599685,'',4.9862429622331357
694,'b',-15.305128973556242,'foo',2.1011969347692054
695,'b',10.744651405355077,'foo',3.2404857481536311
696,'a',10.726297462337824,'foo bar',3.4133231634793417
697,'b',-8.2328516461449102,'',1.9810272196831333
698,'a',8.0598211162215421,'bar',3.0874090076171905
699,'a',9.5283086181165633,'bar foo',2.8051182429123571
700,'b',0.38447076647692929,'foo',3.2258144259461035
701,'a',-9.4849862619407688,'bar',3.4536479794206087
702,'a',16.133815352610238,'bar foo',nan
703,'b',3.8092143377222651,'',3.2881738292313938
704,'b',-2.5103745521204264,'foo',3.5470691314231368
705,'b',7.7284539567290853,'foo',4.4993159669024916
706,'a',16.222084878501516,'foo bar',1.4157362631422759
707,'b',-4.9716014668886546,'foo',2.7388031791312413
708,'b',6.9142254525678881,'',3.0381718635414727
709,'a',19.431601707247083,'foo bar',1.444439659382192
710,'b',-11.165648342354796,'bar foo',nan
711,'b',-5.4925358872806287,'foo',0.64419408726591998
712,'b',-5.9785508059220493,'foo bar',3.7055377246507755
713,'b',-1.5832713704922017,'',nan
714,'b',-2.099737358841947,'',1.7488150598231458
715,'a',3.0079543936705022,'bar',nan
716,'b',-8.20375520134737,'foo bar',1.332426652419294
717,'a',-6.2266348888089329,'bar foo',5.0537802745638203
718,'b',3.0129048398257567,'',3.1166027657125848
719,'b',1.5491185973371044,'',2.9029069187611323
720,'a',8.7407980916019952,'bar',4.2031928520633173
721,'a',4.0935502492564035,'foo bar',2.9202911609117455
722,'a',7.7184663556076334,'bar foo',3.24063119083067
723,'b',-11.429520395415,'foo',2.8440998192761398
724,'a',-3.834163111157828,'bar',2.4981828970443458
725,'a',18.483799508834451,'',3.3711875050895235
726,'b',3.9207804655166942,'foo',3.5250280541270724
727,'a',7.4739296154631667,'foo bar',nan
728,'a',2.7273473716279444,'bar',2.1188270251737578
729,'a',4.2533585692878564,'bar foo',2.3405849475039777
730,'b',-2.3090405152817355,'',2.9704117849049032
731,'a',35.715792180263108,'',nan
732,'a',-3.9615592240969826,'bar foo',5.1560856448453372
733,'b',-0.38321217743151625,'',3.2750401512320733
734,'b',-24.248363254552491,'foo',2.8256563185997683
735,'a',11.062666575947217,'foo bar',nan
736,'b',-5.5225294968492715,'',3.9852825657091615
737,'a',-0.60794106011641236,'bar',nan
738,'b',-5.2804055088183119,'foo',3.3417545681520155
739,'a',-1.3868294527484561,'bar',2.9993208353925165
740,'a',-2.8424709842062983,'foo bar',nan
741,'a',-0.43041775780648439,'foo bar',3.4787000056920014
742,'b',-0.52801482653846721,'',nan
743,'b',-1.5420531148588266,'',3.0038330862925093
744,'b',-1.6787722654627948,'',3.0934287921470136
745,'a',13.085184523260169,'foo',nan
746,'a',8.8141691975925838,'bar',nan
747,'a',8.874423184465897,'bar foo',2.96592737118123
748,'b',-7.3244888111177584,'foo',nan
749,'a',12.568208318483642,'bar foo',nan
750,'a',11.316445091958878,'bar foo',0.90988100124700733
751,'b',-5.53404328801565,'bar foo',1.6149649436093276
752,'a',15.238520171998033,'',3.075197536991447
753,'b',-6.8322594299978947,'bar foo',2.2792404317797748
754,'b',-18.42031838405077,'bar',3.1339249443860311
755,'b',11.015259861531725,'',2.9815378325477453
756,'a',-1.1951878043007562,'bar',2.530845899101422
757,'a',9.769215645749826,'foo bar',2.0850021777098582
758,'a',-7.5420216272419136,'bar',3.1954869547815989
759,'b',-12.617700117470426,'bar foo',nan
760,'a',12.3187178862397,'foo bar',2.8761105030373773
761,'b',-14.072685633957674,'bar foo',3.8724144370570031
762,'b',-15.610305114373638,'foo',3.2013344382248263
763,'b',-19.255868907643524,'bar foo',2.4039684640272472
764,'b',-27.944722983075785,'foo bar',2.6414060499264016
765,'b',-10.3910438326439,'bar foo',2.9380690514207961
766,'b',-21.694079584120367,'foo bar',3.1231907731733433
767,'b',-0.35605484609829574,'foo',4.3364151707559522
768,'b',-22.364173503246473,'bar foo',4.6880772408916274
769,'b',-10.942734191759897,'foo bar',2.5310546879411557
770,'a',23.320619962096568,'foo bar',1.9805928681274045
771,'a',3.4512424061207163,'foo bar',nan
772,'a',0.5280567540772656,'foo bar',3.4201262627178366
773,'b',-16.207519803198572,'bar foo',3.8327863481892153
774,'b',-2.4559766594877117,'',2.591885143106909
775,'a',0.48108563136617044,'bar',2.0858234186150515
776,'b',-16.05180795787059,'foo bar',3.3823611698322265
777,'b',1.2618068088061885,'',3.6235929222685939
778,'a',11.912324570650991,'bar foo',4.0346437051466095
779,'b',-3.4825811883938025,'foo',2.3622827898865277
780,'a',-1.9723636840428496,'foo bar',3.3288624752168001
781,'b',-20.420964154954234,'',nan
782,'b',-13.992338686095868,'',2.894302941847235
783,'b',10.576951014282159,'foo',3.7185145063969225
784,'b',-6.615506465805062,'',nan
785,'b',-9.2971163444241665,'',3.3021629538720005
786,'a',-6.9258311597135682,'bar',2.7582498573420517
787,'a',-0.57466127000830147,'bar foo',1.5940390659604922
788,'b',-11.584159108657916,'foo',3.2283711002645585
789,'a',1.2651650597023536,'foo bar',3.6317589190646631
790,'a',-13.600076771230592,'bar',4.0136657600070329
791,'a',7.7400000207578525,'foo bar',nan
792,'b',-10.570557773396025,'bar',2.0445286331588339
793,'a',13.202683189321007,'',nan
794,'b',-0.10032652757383347,'foo',nan
795,'a',-8.4564442839522975,'bar',2.7376014259793431
796,'b',9.1146060958231576,'',2.1975539324040669
797,'a',-13.744968791031125,'bar',nan
798,'a',-5.4706564501740953,'bar foo',nan
799,'b',-0.00075526610615458728,'foo',2.4765184718681938
800,'a',-1.2116680328820886,'bar foo',3.7063328404846043
801,'b',-20.085854683706259,'foo bar',3.4307301819014318
802,'b',-9.2064654261336631,'bar foo',2.6656746884366243
803,'b',1.6823434242343218,'',2.980174757148891
804,'b',-13.198915593599104,'foo bar',1.4609341501217994
805,'a',12.664292986658463,'foo bar',nan
806,'a',4.9518088878598618,'foo bar',1.6061933566249407
807,'b',-5.1424039071107073,'foo',2.7226684439100213
808,'a',-2.2029246530006379,'foo bar',2.5386555362696401
809,'a',18.615641238318183,'bar foo',3.4665790006493484
810,'a',9.359884508763173,'foo bar',2.5558579401170189
811,'b',3.8021914486617185,'foo',2.9530420524500554
812,'b',-14.155187704342762,'bar',nan
813,'b',16.296113186459586,'foo',1.4305679602268206
814,'b',10.52401068873978,'foo',3.1131016267140121
815,'a',-1.4840538755987096,'bar foo',3.8642092708910569
816,'a',-5.4969806920878472,'bar',2.3722498038992041
817,'b',-1.8790393877677287,'',3.0209224642632249
818,'b',-12.019366808669737,'foo bar',1.6386711411990631
819,'b',-4.7078555770734063,'foo bar',1.3912208636301282
820,'a',7.6316051415451582,'bar foo',3.7221090222044118
821,'b',-18.07621277242572,'',2.6728563998456796
822,'a',-3.1407437424227469,'bar',1.6873151532970365
823,'b',1.1375597287983732,'foo',2.5266210504669488
824,'a',1.0356803732332855,'foo bar',3.604434399555128
825,'a',-11.789369540334256,'bar',3.5512317172135619
826,'b',-11.821528913270605,'bar foo',4.0477341721595801
827,'b',10.891653824583837,'foo',2.4960031482742586
828,'b',-12.245290928162911,'bar foo',2.3725634249188383
829,'b',10.086509563084366,'foo',3.3308813962216064
830,'b',-4.8236531510849154,'foo',4.0000955616677674
831,'a',10.797963503009356,'foo bar',2.6254414383138607
832,'b',-4.2107850540501408,'bar foo',nan
833,'a',-11.66471320616305,'bar',2.6665301797576242
834,'a',8.5655485639346196,'bar',5.0374519423753803
835,'a',-0.17391222230197179,'foo bar',nan
836,'a',14.485765853244514,'',4.5348348768792865
837,'b',8.9220008513783799,'foo',nan
838,'b',-2.2942662894379624,'foo',4.2231733603288113
839,'a',-4.4966760166297384,'bar',nan
840,'a',0.23372343287248551,'bar',2.5466570948016818
841,'b',1.9021001785918956,'',2.091229761074918
842,'b',-8.8174852673180872,'bar foo',2.0718778562394662
843,'a',8.4193957302457676,'',3.6817559566212483
844,'b',-3.9736349181039743,'bar foo',3.4603092139816423
845,'a',-4.2302774515331238,'bar foo',nan
846,'b',-5.4068833737250284,'foo bar',2.9734157575866003
847,'a',2.3101726734337138,'foo bar',2.1287188025709574
848,'b',-6.9205260172085525,'bar foo',2.8674325530107327
849,'a',1.349701099902942,'bar foo',nan
850,'a',27.66603071101871,'bar foo',2.092408004526682
851,'b',-0.5360946007134213,'',nan
852,'a',-4.3400473829864827,'foo bar',2.538553136845406
853,'b',-16.676892281479009,'',1.472430733746378
854,'a',0.50221924764069303,'foo bar',nan
855,'b',-11.092309432496062,'foo',nan
856,'b',-3.7555811897157279,'foo',2.5351722666865935
857,'a',1.5160759364714314,'bar',nan
858,'b',-17.309894498221517,'foo bar',2.2127892062238828
859,'a',1.5746275239845851,'foo bar',3.9425534238204083
860,'a',3.0451517542604463,'bar foo',2.5514984283436379
861,'a',-12.971000196666516,'bar',2.9064108217311215
862,'b',-3.9230919212908741,'foo',4.8845474768052437
863,'b',-18.306663621778046,'foo',4.1357906611668263
864,'a',15.755009358424054,'',3.086185432934724
865,'b',3.3056327654884465,'foo',2.3460094524301907
866,'b',-1.7958850097910233,'',3.0268862694572567
867,'b',-1.6343583065616263,'',4.6496097299944168
868,'a',11.314436080657682,'',5.1720509135828081
869,'b',-0.94165551920610879,'foo',nan
870,'a',3.3081677127575322,'foo bar',4.4442450624913876
871,'a',15.186295603654949,'bar foo',1.4221722122173601
872,'b',-3.4616714800219812,'bar foo',3.5882064080297047
873,'b',-10.926353245067322,'',3.3743664207436113
874,'b',-8.2450057475362097,'foo bar',4.0410969219158046
875,'a',14.286638344392985,'bar',2.1675911743127489
876,'b',0.91428308514057055,'foo',3.1460171537248787
877,'b',-5.0233128826967421,'foo',1.1382402462634527
878,'a',9.7364437979915888,'bar foo',2.3699347816927503
879,'a',9.979573856771605,'',2.9829964173260177
880,'b',-4.7564776790643881,'foo bar',nan
881,'a',-9.7193683708545056,'foo bar',5.791971166364041
882,'b',-15.705286010612101,'foo',2.4906050063500671
883,'b',-17.938889209262371,'foo bar',nan
884,'a',-2.6498645184599692,'foo bar',1.8479975385157432
885,'b',-8.9319594703679286,'foo',nan
886,'a',18.584744098061854,'foo bar',3.8983549069080703
887,'a',0.58537754695024202,'foo bar',3.9054528359684308
888,'b',-19.421495432511602,'bar foo',1.6245594601859648
889,'b',14.187292755100625,'foo',1.3102091053113765
890,'b',1.617103094175957,'',2.3641183902742648
891,'b',7.0497948037310545,'',nan
892,'a',6.8203477683341021,'bar foo',1.5118586507843927
893,'b',2.9655656728653925,'foo',3.6817968576953342
894,'a',5.2334263043454357,'bar foo',3.1314266306188423
895,'b',2.3876067172970541,'',2.6981825458457838
896,'b',-11.063859059654371,'foo',2.3953983980448115
897,'b',3.6673219814247404,'foo',3.2449820461401888
898,'a',10.239055049925403,'bar foo',2.6892049333456409
899,'b',-2.1005641264581785,'foo',2.6006796013010529
900,'b',5.5130221806975541,'foo',2.7924602491777932
901,'a',4.1958914519806187,'foo bar',4.1116224872159366
902,'a',18.156520639191072,'',3.2128414352838899
903,'a',-2.5275030069976037,'bar',nan
904,'a',-2.920041627702413,'bar foo',4.3825787917744092
905,'a',-1.1693174014674963,'foo bar',2.7318515471026719
906,'b',-1.0239107510368999,'foo',4.4328375666726405
907,'b',-22.72617710954302,'bar',nan
908,'b',-6.426098414665713,'foo',3.5311489133594556
909,'a',2.9988506654577325,'bar',2.6768967105741992
910,'a',-0.082565146678535914,'bar foo',2.9315037235501284
911,'b',-7.9933915419713273,'bar foo',nan
912,'b',-6.6477925217538072,'foo',2.7046132887067382
913,'b',-3.5561312829695901,'',2.29940912399619
914,'b',-8.0157178080242062,'foo',3.4028517995660925
915,'a',-5.130506104434005,'bar',2.1752318517881695
916,'a',-5.393901194785343,'foo bar',3.5365577151566514
917,'a',8.9537084660717685,'',5.34706586550955
918,'a',10.163912685410768,'bar',1.4449587067838601
919,'b',9.3358509439467277,'',0.62787862236135261
920,'b',4.2670179917521818,'',nan
921,'b',-7.0832248441354819,'bar foo',3.7432967991827533
922,'a',9.5983044999373064,'',2.2888399982916292
923,'a',-3.1425058651942992,'bar foo',3.5774810876838674
924,'a',0.23052208259470242,'foo bar',nan
925,'b',13.382205319305884,'',2.7489218826036028
926,'a',0.83992856131640359,'foo bar',3.8847682509983086
927,'b',2.4728403023761878,'foo',0.73049822666386
928,'b',-14.127794859965894,'',3.8345327309752069
929,'b',4.8700929376685345,'',3.7993033732591055
930,'a',-9.8000664730248115,'bar',nan
931,'b',10.11939656367902,'foo',4.003536562646949
932,'b',-1.8459917717285057,'',4.4409628845796751
933,'b',-22.361688420171106,'foo',4.9328205818714954
934,'b',-3.5802010256334205,'foo',4.9412492955640843
935,'a',-2.280345382859172,'bar foo',3.0555255293156223
936,'b',4.8547522607809226,'',2.8587828003258964
937,'a',6.7051239064716732,'bar',2.9218987139964359
938,'b',-3.2776424472118837,'foo bar',0.32550970969688642
939,'b',10.128681948538745,'',3.6981567809706322
940,'b',-31.670553286529064,'bar foo',5.349355694567878
941,'b',-7.1398899802522919,'foo',3.5658335488614012
942,'b',-11.123642708371866,'',1.5785211550411722
943,'a',-12.541835105849213,'bar',nan
944,'a',9.5970637134751069,'foo bar',2.0615742645834523
945,'a',8.2917039902484913,'bar foo',4.6570519813450595
946,'b',-7.7577002041022194,'',3.5023938192500372
947,'a',11.780570039599601,'',3.6381286339251551
948,'b',1.0146689245241804,'',3.353529713915179
949,'b',-4.2168410077515279,'',1.8885212703313081
950,'b',-6.9292279637243688,'foo',2.0560892914652129
951,'b',-7.7827172646309259,'',3.680738484796592
952,'b',4.7277485744953465,'foo',3.0862115472149276
953,'a',6.5015490096700219,'bar foo',nan
954,'a',2.3850121218790918,'bar foo',3.7860269970493001
955,'b',-20.502176773830971,'',nan
956,'b',2.9635865605290439,'foo',3.0063918812026236
957,'b',5.6539656403880576,'foo',2.6840354873707151
958,'b',-6.6920560546444916,'foo',4.3657923587191068
959,'a',0.4325054289835325,'bar foo',2.8042682377084254
960,'b',-18.638842993007476,'bar foo',2.3861780676649826
961,'b',-12.299690616797729,'foo bar',1.4614964301005917
962,'a',-3.2423534824052709,'bar foo',2.508801197666445
963,'a',-3.0975114401610622,'bar',4.8670006315136742
964,'b',3.5167937174960162,'',4.1638047132536462
965,'b',-11.8692538652941,'',3.1193648190870062
966,'a',-3.4120606462067302,'bar foo',2.9941260424727218
967,'b',-4.8977978041340897,'foo',nan
968,'b',5.2801047397920806,'',3.1023014022951259
969,'a',14.210427683683314,'bar foo',nan
970,'a',17.209203198100752,'foo bar',3.1442920257725837
971,'b',-15.684400468313575,'bar',3.1755102549053569
972,'a',-0.48014191750457297,'bar',3.0129044559068037
973,'b',-11.125293102447653,'foo bar',3.2574499376061792
974,'a',-0.64744951486239799,'bar foo',2.3070992136162363
975,'b',4.2291927961594897,'',3.1550720823556624
976,'a',0.81490898703411707,'bar foo',1.3967213607378808
977,'a',-0.49011698794460851,'bar foo',nan
978,'a',14.830391747653016,'bar',nan
979,'a',7.2098939170390874,'foo bar',3.6025375644251278
980,'a',-2.7265446153778368,'bar',nan
981,'b',0.24211360895293471,'foo',3.4401983924062991
982,'a',8.7089780678939928,'bar',nan
983,'a',6.0979050603927885,'bar foo',5.4202332705537444
984,'a',-4.2507610370082158,'foo bar',2.7068562241223204
985,'b',-17.752428411035694,'foo bar',2.3562686192916305
986,'b',-11.846574927726897,'',nan
987,'b',1.4597922501351515,'foo',3.1984260053639066
988,'b',-17.865268526790054,'foo',nan
989,'b',-1.5239449801642782,'foo',3.812553507702197
990,'a',-4.5356917618752881,'bar foo',nan
991,'b',9.9925280304720339,'',3.7269345750363732
992,'b',-13.180438234754558,'foo',nan
993,'b',-19.317689789009886,'',4.2273716413780349
994,'a',-4.1964074161010805,'bar',2.7211873662794446
995,'b',6.3476313159352244,'foo',3.1402556023468033
996,'a',10.699185989273518,'bar',nan
997,'b',-9.0932701655994279,'',4.1325252625551094
998,'a',4.7026374759618603,'foo bar',nan
999,'b',-11.114304477623545,'foo bar',1.9633961173530459
